id;latitude;longitude;nom_batiment;photo_principale;photo_principale_content_type;photo_principale_legende;photo_principale_description;photo_1;photo_1_content_type;photo_1_legende;photo_1_description;photo_2;photo_2_content_type;photo_2_legende;photo_2_description;photo_3;photo_3_content_type;photo_3_legende;photo_3_description;photo_4;photo_4_content_type;photo_4_legende;photo_4_description;photo_5;photo_5_content_type;photo_5_legende;photo_5_description;non_batiment_et_photos_publics;usage_batiment;usage_batiment_autre;cout;surface_plancher;niveaux;travaux_neuf;travaux_extension;travaux_renov;travaux_ite;travaux_iti;construction_debut;construction_fin;bottes_taille;botte_taille_autre;bottes_densite;bottes_cereale;distance_appro;autoconstruction;participatif;struct_compl;struct_compl_nature;struct_compl_autre;struct_compl_nature_precision;long_max_sans_mur_refend;note_calcul;nbr_rang_de_bottes;integ_baie;integ_baie_autre;support_ancrage;support_ancrage_autre;revet_int;revet_int_autre;revet_ext;revet_ext_autre;maitre_d_ouvrage;maitre_d_oeuvre;architecte;bureau_d_etude_structure;bureau_control;entreprise_bottes;entreprise_charpente;entreprise_enduits;description_projet;difficultees;astuces;divers;contact_nom;contact_mail;contact_phone;code_postal;created_date;last_modified_date;created_by
1;0;-57;indexing;../fake-data/blob/hipster.png;image/png;Wooden Technicien;maximized Incredible Ingenieur;../fake-data/blob/hipster.png;image/png;compressing Administrateur;evolve;../fake-data/blob/hipster.png;image/png;digital one-to-one;ivory lime;../fake-data/blob/hipster.png;image/png;Plastic client-server conglomeration;Configurable infomediaries;../fake-data/blob/hipster.png;image/png;Progressive Gloves;Handcrafted;../fake-data/blob/hipster.png;image/png;Berkshire content Card;b Future-proofed;false;BATIMENT_INDUSTRIEL;BATIMENT_EDUCATIF;68408;40333;30939;false;false;true;false;true;2021-11-08;2021-11-08;AUTRE;du;37985;SEIGLE;68358;NON;PARTIEL;true;BOIS;Languedoc-Roussillon transmitting Pa'anga;XSS Outdoors;13015;false;24192;FIXE;cyan c;METAL;Nord-Pas-de-Calais solutions Shirt;ENDUIT_TERRE_ET_CHAUX;a virtual Buckinghamshire;BARDAGE_VENTILE;AGP;compress de background;a e-enable b;Coordinateur infomediaries;Berkshire;Operative Table Rivoli;Savings;Cheese Limousin;virtual salmon Avon;../fake-data/blob/hipster.txt;../fake-data/blob/hipster.txt;../fake-data/blob/hipster.txt;../fake-data/blob/hipster.txt;killer Libyan primary;withdrawal Sleek Total;b engage;Serbie;2021-11-08T20:33:47;2021-11-08T09:11:57;payment Agent
2;57;62;De-engineered Industrial override;../fake-data/blob/hipster.png;image/png;Books calculating;Cambridgeshire;../fake-data/blob/hipster.png;image/png;Fresh bus;Computer auxiliary Shoes;../fake-data/blob/hipster.png;image/png;overriding Palladium;plug-and-play;../fake-data/blob/hipster.png;image/png;a;Dram XSS;../fake-data/blob/hipster.png;image/png;bypassing Metal calculating;compressing bypassing;../fake-data/blob/hipster.png;image/png;Salad;24/7;true;LOGEMENT_INDIVIDUEL_GROUPE;OUVRAGE_EXCEPTIONNEL;5847;40880;21669;false;false;true;true;true;2021-11-08;2021-11-08;T_36_X_46_X_70_a_120_CM;Cambridgeshire Refined Fantastic;37311;TRITICALE;60079;PARTIEL;OUI;false;MACONNERIE;Baht violet;alarm state Chips;59710;true;94215;AUTRE;Dollar Auvergne Architecte;METAL;navigating Baby synergize;ENDUIT_PLATRE;Avon Picardie generating;BARDAGE_VENTILE;ADP cross-platform bypassing;BEAC Pants primary;Account;transmitting real-time;withdrawal deposit systemic;Micronésie;Tasty Allemagne;Progressive blue e-services;Coordinateur payment Rustic;../fake-data/blob/hipster.txt;../fake-data/blob/hipster.txt;../fake-data/blob/hipster.txt;../fake-data/blob/hipster.txt;toolset end-to-end backing;primary a Renminbi;hack programming Silver;Health;2021-11-07T21:28:55;2021-11-07T23:23:28;USB
3;50;30;orange;../fake-data/blob/hipster.png;image/png;Solomon Languedoc-Roussillon synergies;system technologies;../fake-data/blob/hipster.png;image/png;Car payment connecting;Card Wooden hour;../fake-data/blob/hipster.png;image/png;groupware;Presbourg Public-key Lettonie;../fake-data/blob/hipster.png;image/png;Buckinghamshire;Towels;../fake-data/blob/hipster.png;image/png;Congolese Clothing maroon;Sleek ROI override;../fake-data/blob/hipster.png;image/png;mobile Open-source deposit;initiative;false;AUTRE;BATIMENT_AGRICOLE;49059;97803;92149;false;false;true;false;false;2021-11-08;2021-11-08;T_36_X_46_X_70_a_120_CM;c methodologies Picardie;49311;TRITICALE;44997;PARTIEL;OUI;false;AUTRE;relationships magenta Home;target application Midi-Pyrénées;69946;false;53367;AUTRE;Royale deploy;BETON_ARME;Savings Consultant;AUTRE;THX Languedoc-Roussillon Charlemagne;ENDUIT_CHAUX;bifurcated;Manager orchid;up;overriding;Dahomey Synchronised;withdrawal Languedoc-Roussillon;Zloty collaboration Ruble;deposit;Lanka bus Focused;../fake-data/blob/hipster.txt;../fake-data/blob/hipster.txt;../fake-data/blob/hipster.txt;../fake-data/blob/hipster.txt;d'Abbeville;d'Azur Bedfordshire;Latvian parse;neutra;2021-11-08T11:23:48;2021-11-08T12:05:56;SDD
4;-53;-20;Lorraine;../fake-data/blob/hipster.png;image/png;Alsace Manager;clicks-and-mortar Car;../fake-data/blob/hipster.png;image/png;Avon demand-driven;help-desk;../fake-data/blob/hipster.png;image/png;Frozen Balboa Handcrafted;Berkshire Wooden Refined;../fake-data/blob/hipster.png;image/png;payment Cameroun;Concrete Directeur;../fake-data/blob/hipster.png;image/png;tangible Diverse;HDD connect;../fake-data/blob/hipster.png;image/png;connecting Cotton Avon;SMTP;false;BATIMENT_AGRICOLE;BATIMENT_DE_RETRAITE;13031;29868;52589;false;false;false;false;false;2021-11-08;2021-11-08;T_70_X_120_X_230_CM;Investment Somoni;3307;AVOINE;95643;PARTIEL;PARTIEL;true;BETON_ARME;Tools;back-end;99220;false;22228;PRE_CADRE_FLOTTANT;c;MACONNERIE;panel;ENDUIT_PLATRE;mission-critical;ENDUIT_TERRE;microchip;alarm;multi-byte purple;virtual deploy;Automated;a;Kids;c Centre;array;../fake-data/blob/hipster.txt;../fake-data/blob/hipster.txt;../fake-data/blob/hipster.txt;../fake-data/blob/hipster.txt;process Rhône-Alpes Saint-Denis;product Visionary;Pants Analyste;b;2021-11-08T16:57:39;2021-11-07T20:45:39;Buckinghamshire Kroon Ergonomic
5;57;-58;Metical Wooden Steel;../fake-data/blob/hipster.png;image/png;algorithm transmit;Sausages architect;../fake-data/blob/hipster.png;image/png;c Bike Bourgogne;Cambridgeshire;../fake-data/blob/hipster.png;image/png;online mobile;Cambridgeshire matrix bypass;../fake-data/blob/hipster.png;image/png;Chicken;TCP b Bacon;../fake-data/blob/hipster.png;image/png;cross-platform input;Assistant;../fake-data/blob/hipster.png;image/png;Concrete;Convertible Surinam;true;BATIMENT_AGRICOLE;BATIMENT_ADMINISTRATIF;23923;8400;68965;true;false;false;true;false;2021-11-07;2021-11-07;T_50_X_80_X_110_a_200_CM;Rubber disintermediate Practical;5598;SEIGLE;22875;PARTIEL;PARTIEL;false;METAL;Cambridgeshire back-end;moderator primary Home;27214;false;466;PRE_CADRE_FLOTTANT;Ergonomic;MACONNERIE;azure b Shilling;LAMBRIS;Producteur;ENDUIT_PLATRE;bricks-and-clicks;deposit;schemas Agent;enhance;Secured sticky;heuristic Metal;SMTP attitude-oriented array;Avon;Account incremental;../fake-data/blob/hipster.txt;../fake-data/blob/hipster.txt;../fake-data/blob/hipster.txt;../fake-data/blob/hipster.txt;Manager wireless;c PCI context-sensitive;bandwidth;seize ;2021-11-08T12:08:42;2021-11-08T02:24:09;a
6;-38;-76;circuit Steel bleeding-edge;../fake-data/blob/hipster.png;image/png;Assistant;e-markets XSS;../fake-data/blob/hipster.png;image/png;array Steel;ivory clear-thinking;../fake-data/blob/hipster.png;image/png;experiences Account;Granite;../fake-data/blob/hipster.png;image/png;Music salmon;Concrete b PCI;../fake-data/blob/hipster.png;image/png;Shirt Buckinghamshire Wooden;orange;../fake-data/blob/hipster.png;image/png;FTP 24/365;Health Japon;true;BATIMENT_DE_RETRAITE;BATIMENT_COMMERCIAL;92011;38962;49528;true;false;false;false;true;2021-11-08;2021-11-08;T_70_X_120_X_230_CM;open-source Assistant;6096;RIZ;61097;OUI;OUI;false;AUTRE;impactful Account grey;withdrawal Berkshire circuit;37202;true;51590;FIXE;data-warehouse array;MACONNERIE;bypass dot-com synthesizing;ENDUIT_PLATRE;asymmetric;ENDUIT_PANNEAU;Corse monetize strategy;Saint-Dominique;Saint-Denis;Berkshire Tuna matrix;olive Metal;transparent primary;c SSL Haïti;Iraqi Concrete scale;Account;../fake-data/blob/hipster.txt;../fake-data/blob/hipster.txt;../fake-data/blob/hipster.txt;../fake-data/blob/hipster.txt;Bacon;wireless brand tangible;expedite;alarm ;2021-11-07T23:16:31;2021-11-07T21:02:38;value-added
7;-66;89;Pakistan Monitored;../fake-data/blob/hipster.png;image/png;Granite;Fresh Concrete;../fake-data/blob/hipster.png;image/png;grey deliverables Administrateur;maroon override Personal;../fake-data/blob/hipster.png;image/png;copy;overriding;../fake-data/blob/hipster.png;image/png;Caumartin;Rustic;../fake-data/blob/hipster.png;image/png;c;collaboration hack seize;../fake-data/blob/hipster.png;image/png;Berkshire;Generic Cambridgeshire primary;false;BATIMENT_DE_SANTE;BATIMENT_ADMINISTRATIF;36388;18362;10105;false;true;false;false;true;2021-11-08;2021-11-08;T_70_X_120_X_230_CM;virtual;11629;ORGE;43591;PARTIEL;OUI;true;AUTRE;Avon Auvergne;ROI Australie;51086;false;29176;AUTRE;payment d'Alésia;AUTRE;payment haptic;ENDUIT_PLATRE;Frozen Towels Île-de-France;BARDAGE_VENTILE;Saint-Christophe-et-Niévès;Champagne-Ardenne microchip;Bourgogne;e-commerce a;withdrawal neural ivory;index blue back-end;Visionary Borders;Maroc Cambridgeshire Baby;Midi-Pyrénées Cotton Versatile;../fake-data/blob/hipster.txt;../fake-data/blob/hipster.txt;../fake-data/blob/hipster.txt;../fake-data/blob/hipster.txt;Rupee;empower Frozen;EXE;Wooden;2021-11-08T10:22:05;2021-11-08T18:24:53;metrics
8;-61;82;Granite Dominique Handmade;../fake-data/blob/hipster.png;image/png;sensor Shoes Bedfordshire;Checking Berkshire Technicien;../fake-data/blob/hipster.png;image/png;support enhance Small;Practical;../fake-data/blob/hipster.png;image/png;Ball;Molière orchid Borders;../fake-data/blob/hipster.png;image/png;Sleek Poitou-Charentes;up Compatible;../fake-data/blob/hipster.png;image/png;navigating global a;user-facing;../fake-data/blob/hipster.png;image/png;hub Synergistic;Alsace;false;LOGEMENT_COLLECTIF;BATIMENT_COMMERCIAL;53428;45067;74487;false;true;true;true;false;2021-11-08;2021-11-08;T_50_X_80_X_110_a_200_CM;pixel Silver;9666;ORGE;92743;NON;OUI;false;MACONNERIE;application;c;76045;false;50759;PRE_CADRE_FLOTTANT;website migration initiatives;BOIS;a;ENDUIT_PLATRE;initiatives a;ENDUIT_PANNEAU;Electronics open-source Surinam;array microchip;Keyboard Gloves synthesize;c;Coordinateur Turkish Handmade;Car;sticky Rustic ADP;redundant Shoes;Bahamas;../fake-data/blob/hipster.txt;../fake-data/blob/hipster.txt;../fake-data/blob/hipster.txt;../fake-data/blob/hipster.txt;Berkshire capacitor;back Account;Laffitte;Berksh;2021-11-07T23:30:48;2021-11-08T13:09:56;capacitor
9;21;85;deposit Poitou-Charentes Poitou-Charente;../fake-data/blob/hipster.png;image/png;Avon Cambridgeshire bottom-line;transmit;../fake-data/blob/hipster.png;image/png;cultivate withdrawal de;salmon payment maximized;../fake-data/blob/hipster.png;image/png;wireless;Kids;../fake-data/blob/hipster.png;image/png;a Configurable Developpeur;complexity markets Secured;../fake-data/blob/hipster.png;image/png;compress Alsace withdrawal;Irak applications;../fake-data/blob/hipster.png;image/png;Cambridgeshire Saint-Jacques c;e-tailers;true;LOGEMENT_COLLECTIF;BATIMENT_EDUCATIF;84569;45371;35871;false;true;true;false;true;2021-11-08;2021-11-08;T_50_X_80_X_110_a_200_CM;transmitter;31608;ORGE;29200;NON;NON;false;METAL;engine bluetooth index;Practical;79132;true;79938;FIXE;Optional static interface;BETON_ARME;Chips repurpose;ENDUIT_TERRE_ET_CHAUX;b;ENDUIT_PANNEAU;panel Avon cross-platform;Incredible Hat plum;Auto c Automotive;Buckinghamshire online ability;Lorraine;connecting Bedfordshire Card;firewall;équatoriale plug-and-play;Frozen;../fake-data/blob/hipster.txt;../fake-data/blob/hipster.txt;../fake-data/blob/hipster.txt;../fake-data/blob/hipster.txt;Money;Alsace;Movies;recipr;2021-11-08T08:43:04;2021-11-08T01:49:31;solutions
10;-1;90;group Metal;../fake-data/blob/hipster.png;image/png;Account;Handmade deposit;../fake-data/blob/hipster.png;image/png;support withdrawal;Avon PNG sticky;../fake-data/blob/hipster.png;image/png;Savings Architecte Ngultrum;Brunei sky;../fake-data/blob/hipster.png;image/png;1080p Cambridgeshire;Borders Designer ubiquitous;../fake-data/blob/hipster.png;image/png;1080p Kids;Oberkampf;../fake-data/blob/hipster.png;image/png;Fantastic overriding Corse;calculate;true;LOGEMENT_INDIVIDUEL_GROUPE;BATIMENT_DE_SANTE;58479;90681;37002;true;true;false;true;false;2021-11-08;2021-11-07;AUTRE;circuit;20704;ORGE;28698;NON;NON;true;METAL;Chips Paris copying;open-source up;15710;true;22972;FIXE;heuristic input;BETON_ARME;system 24/7;ENDUIT_CHAUX;Agent Licensed;ENDUIT_TERRE;JSON input;Savings Cedi Kids;bypassing Monitored Pizza;Gold Plastic;Laos reinvent Granite;Tenge withdrawal;Producteur Card exuding;Table;optimize;../fake-data/blob/hipster.txt;../fake-data/blob/hipster.txt;../fake-data/blob/hipster.txt;../fake-data/blob/hipster.txt;payment Rustic;Île-de-France Provence-Alpes-Côte;green;virtua;2021-11-08T19:53:09;2021-11-07T23:04:45;Kuwaiti application Digitized
